{
  "POST /symptoms" : {
    "transaction" : "POST /symptoms",
    "sampleCount" : 661,
    "errorCount" : 661,
    "errorPct" : 100.0,
    "meanResTime" : 1010.4311649016652,
    "medianResTime" : 604.0,
    "minResTime" : 23.0,
    "maxResTime" : 4402.0,
    "pct1ResTime" : 2594.4000000000033,
    "pct2ResTime" : 2968.9,
    "pct3ResTime" : 3888.22,
    "throughput" : 2.7640712553316047,
    "receivedKBytesPerSec" : 0.46967617033955006,
    "sentKBytesPerSec" : 2.8423506170548634
  },
  "POST /predict" : {
    "transaction" : "POST /predict",
    "sampleCount" : 661,
    "errorCount" : 661,
    "errorPct" : 100.0,
    "meanResTime" : 12.121028744326797,
    "medianResTime" : 1.0,
    "minResTime" : 0.0,
    "maxResTime" : 356.0,
    "pct1ResTime" : 11.0,
    "pct2ResTime" : 81.09999999999911,
    "pct3ResTime" : 266.8599999999998,
    "throughput" : 2.766396444280758,
    "receivedKBytesPerSec" : 5.651661485776705,
    "sentKBytesPerSec" : 0.0
  },
  "GET /symptoms" : {
    "transaction" : "GET /symptoms",
    "sampleCount" : 661,
    "errorCount" : 0,
    "errorPct" : 0.0,
    "meanResTime" : 980.8441754916796,
    "medianResTime" : 543.0,
    "minResTime" : 19.0,
    "maxResTime" : 4771.0,
    "pct1ResTime" : 2608.6000000000004,
    "pct2ResTime" : 2923.0,
    "pct3ResTime" : 3711.2599999999993,
    "throughput" : 2.766176482896576,
    "receivedKBytesPerSec" : 13.869457283026724,
    "sentKBytesPerSec" : 2.6500186813686923
  },
  "POST /auth/signin" : {
    "transaction" : "POST /auth/signin",
    "sampleCount" : 661,
    "errorCount" : 0,
    "errorPct" : 0.0,
    "meanResTime" : 1630.3615733736756,
    "medianResTime" : 1448.0,
    "minResTime" : 467.0,
    "maxResTime" : 4829.0,
    "pct1ResTime" : 3080.000000000001,
    "pct2ResTime" : 3417.9999999999995,
    "pct3ResTime" : 4499.74,
    "throughput" : 2.747184240056523,
    "receivedKBytesPerSec" : 2.452076558019201,
    "sentKBytesPerSec" : 0.718989625327293
  },
  "POST /auth/refresh" : {
    "transaction" : "POST /auth/refresh",
    "sampleCount" : 661,
    "errorCount" : 0,
    "errorPct" : 0.0,
    "meanResTime" : 1116.6505295007578,
    "medianResTime" : 805.0,
    "minResTime" : 82.0,
    "maxResTime" : 4030.0,
    "pct1ResTime" : 2490.8,
    "pct2ResTime" : 2978.6999999999994,
    "pct3ResTime" : 3640.24,
    "throughput" : 2.7682385459418715,
    "receivedKBytesPerSec" : 2.4708691708895216,
    "sentKBytesPerSec" : 4.544344722390904
  },
  "Total" : {
    "transaction" : "Total",
    "sampleCount" : 4627,
    "errorCount" : 1322,
    "errorPct" : 28.571428,
    "meanResTime" : 945.2561054679048,
    "medianResTime" : 502.0,
    "minResTime" : 0.0,
    "maxResTime" : 4906.0,
    "pct1ResTime" : 2546.7999999999993,
    "pct2ResTime" : 2979.5999999999995,
    "pct3ResTime" : 3791.4400000000005,
    "throughput" : 19.215355673035795,
    "receivedKBytesPerSec" : 26.31463577852922,
    "sentKBytesPerSec" : 15.813530010496393
  },
  "GET /auth/me" : {
    "transaction" : "GET /auth/me",
    "sampleCount" : 661,
    "errorCount" : 0,
    "errorPct" : 0.0,
    "meanResTime" : 920.9213313161862,
    "medianResTime" : 368.0,
    "minResTime" : 16.0,
    "maxResTime" : 4906.0,
    "pct1ResTime" : 2399.0,
    "pct2ResTime" : 2887.2999999999993,
    "pct3ResTime" : 3773.239999999999,
    "throughput" : 2.7625810280479297,
    "receivedKBytesPerSec" : 1.1897443685245477,
    "sentKBytesPerSec" : 2.4900998914924206
  },
  "GET /predictions" : {
    "transaction" : "GET /predictions",
    "sampleCount" : 661,
    "errorCount" : 0,
    "errorPct" : 0.0,
    "meanResTime" : 945.4629349470493,
    "medianResTime" : 341.0,
    "minResTime" : 16.0,
    "maxResTime" : 4869.0,
    "pct1ResTime" : 2581.2000000000007,
    "pct2ResTime" : 2935.9999999999995,
    "pct3ResTime" : 3880.66,
    "throughput" : 2.7682733261578796,
    "receivedKBytesPerSec" : 0.39739861225118,
    "sentKBytesPerSec" : 2.684468176635522
  }
}