{
  "POST /symptoms" : {
    "transaction" : "POST /symptoms",
    "sampleCount" : 231,
    "errorCount" : 231,
    "errorPct" : 100.0,
    "meanResTime" : 25.389610389610386,
    "medianResTime" : 24.0,
    "minResTime" : 15.0,
    "maxResTime" : 89.0,
    "pct1ResTime" : 32.0,
    "pct2ResTime" : 35.0,
    "pct3ResTime" : 76.0,
    "throughput" : 0.9731929576218703,
    "receivedKBytesPerSec" : 0.16536677209590375,
    "sentKBytesPerSec" : 1.000754086304521
  },
  "POST /predict" : {
    "transaction" : "POST /predict",
    "sampleCount" : 231,
    "errorCount" : 231,
    "errorPct" : 100.0,
    "meanResTime" : 0.6839826839826834,
    "medianResTime" : 1.0,
    "minResTime" : 0.0,
    "maxResTime" : 5.0,
    "pct1ResTime" : 1.0,
    "pct2ResTime" : 1.0,
    "pct3ResTime" : 3.680000000000007,
    "throughput" : 0.9735169670099965,
    "receivedKBytesPerSec" : 1.9888647411962037,
    "sentKBytesPerSec" : 0.0
  },
  "GET /symptoms" : {
    "transaction" : "GET /symptoms",
    "sampleCount" : 231,
    "errorCount" : 0,
    "errorPct" : 0.0,
    "meanResTime" : 18.809523809523792,
    "medianResTime" : 17.0,
    "minResTime" : 13.0,
    "maxResTime" : 73.0,
    "pct1ResTime" : 25.0,
    "pct2ResTime" : 28.0,
    "pct3ResTime" : 59.72000000000003,
    "throughput" : 0.9734636341799517,
    "receivedKBytesPerSec" : 4.881577892103566,
    "sentKBytesPerSec" : 0.9325857667290358
  },
  "POST /auth/signin" : {
    "transaction" : "POST /auth/signin",
    "sampleCount" : 231,
    "errorCount" : 0,
    "errorPct" : 0.0,
    "meanResTime" : 380.77922077922074,
    "medianResTime" : 355.0,
    "minResTime" : 292.0,
    "maxResTime" : 920.0,
    "pct1ResTime" : 448.80000000000007,
    "pct2ResTime" : 511.79999999999984,
    "pct3ResTime" : 919.0,
    "throughput" : 0.9691548633953145,
    "receivedKBytesPerSec" : 0.8650464308040209,
    "sentKBytesPerSec" : 0.2536459994042425
  },
  "POST /auth/refresh" : {
    "transaction" : "POST /auth/refresh",
    "sampleCount" : 231,
    "errorCount" : 0,
    "errorPct" : 0.0,
    "meanResTime" : 74.70562770562769,
    "medianResTime" : 65.0,
    "minResTime" : 53.0,
    "maxResTime" : 204.0,
    "pct1ResTime" : 112.0,
    "pct2ResTime" : 126.99999999999989,
    "pct3ResTime" : 179.0,
    "throughput" : 0.973480043659105,
    "receivedKBytesPerSec" : 0.868906992094162,
    "sentKBytesPerSec" : 1.598066360733355
  },
  "Total" : {
    "transaction" : "Total",
    "sampleCount" : 1617,
    "errorCount" : 462,
    "errorPct" : 28.571428,
    "meanResTime" : 76.06926406926425,
    "medianResTime" : 18.0,
    "minResTime" : 0.0,
    "maxResTime" : 920.0,
    "pct1ResTime" : 343.0,
    "pct2ResTime" : 368.0999999999999,
    "pct3ResTime" : 484.29999999999905,
    "throughput" : 6.780101638629389,
    "receivedKBytesPerSec" : 9.285750249222197,
    "sentKBytesPerSec" : 5.579773935027171
  },
  "GET /auth/me" : {
    "transaction" : "GET /auth/me",
    "sampleCount" : 231,
    "errorCount" : 0,
    "errorPct" : 0.0,
    "meanResTime" : 17.21645021645022,
    "medianResTime" : 13.0,
    "minResTime" : 10.0,
    "maxResTime" : 104.0,
    "pct1ResTime" : 22.0,
    "pct2ResTime" : 52.599999999999795,
    "pct3ResTime" : 79.88000000000011,
    "throughput" : 0.9730986663071959,
    "receivedKBytesPerSec" : 0.4190786248451889,
    "sentKBytesPerSec" : 0.8771192080093182
  },
  "GET /predictions" : {
    "transaction" : "GET /predictions",
    "sampleCount" : 231,
    "errorCount" : 0,
    "errorPct" : 0.0,
    "meanResTime" : 14.9004329004329,
    "medianResTime" : 13.0,
    "minResTime" : 10.0,
    "maxResTime" : 47.0,
    "pct1ResTime" : 20.80000000000001,
    "pct2ResTime" : 24.0,
    "pct3ResTime" : 29.680000000000007,
    "throughput" : 0.9736564805057956,
    "receivedKBytesPerSec" : 0.13977295179135932,
    "sentKBytesPerSec" : 0.9441805518967334
  }
}