{
  "POST /symptoms" : {
    "transaction" : "POST /symptoms",
    "sampleCount" : 522,
    "errorCount" : 522,
    "errorPct" : 100.0,
    "meanResTime" : 119.6379310344829,
    "medianResTime" : 39.0,
    "minResTime" : 16.0,
    "maxResTime" : 1072.0,
    "pct1ResTime" : 314.09999999999997,
    "pct2ResTime" : 525.0,
    "pct3ResTime" : 887.0799999999999,
    "throughput" : 0.5928180434733232,
    "receivedKBytesPerSec" : 0.10073275348081859,
    "sentKBytesPerSec" : 0.6096068357201263
  },
  "POST /predict" : {
    "transaction" : "POST /predict",
    "sampleCount" : 522,
    "errorCount" : 522,
    "errorPct" : 100.0,
    "meanResTime" : 2.090038314176244,
    "medianResTime" : 1.0,
    "minResTime" : 0.0,
    "maxResTime" : 141.0,
    "pct1ResTime" : 2.0,
    "pct2ResTime" : 3.0,
    "pct3ResTime" : 54.41999999999916,
    "throughput" : 0.592991117629217,
    "receivedKBytesPerSec" : 1.2114623223440644,
    "sentKBytesPerSec" : 0.0
  },
  "GET /symptoms" : {
    "transaction" : "GET /symptoms",
    "sampleCount" : 522,
    "errorCount" : 0,
    "errorPct" : 0.0,
    "meanResTime" : 117.37164750957868,
    "medianResTime" : 31.0,
    "minResTime" : 15.0,
    "maxResTime" : 1354.0,
    "pct1ResTime" : 361.4,
    "pct2ResTime" : 600.6499999999996,
    "pct3ResTime" : 1008.8699999999994,
    "throughput" : 0.5929877494638118,
    "receivedKBytesPerSec" : 2.9319594837144205,
    "sentKBytesPerSec" : 0.5680868967031244
  },
  "POST /auth/signin" : {
    "transaction" : "POST /auth/signin",
    "sampleCount" : 522,
    "errorCount" : 0,
    "errorPct" : 0.0,
    "meanResTime" : 781.9003831417618,
    "medianResTime" : 665.0,
    "minResTime" : 344.0,
    "maxResTime" : 2093.0,
    "pct1ResTime" : 1334.1999999999998,
    "pct2ResTime" : 1480.6999999999994,
    "pct3ResTime" : 1813.31,
    "throughput" : 0.5914658949660814,
    "receivedKBytesPerSec" : 0.5279295195302718,
    "sentKBytesPerSec" : 0.1547977146981541
  },
  "POST /auth/refresh" : {
    "transaction" : "POST /auth/refresh",
    "sampleCount" : 522,
    "errorCount" : 0,
    "errorPct" : 0.0,
    "meanResTime" : 305.70689655172407,
    "medianResTime" : 158.0,
    "minResTime" : 66.0,
    "maxResTime" : 1314.0,
    "pct1ResTime" : 745.0999999999999,
    "pct2ResTime" : 907.3999999999999,
    "pct3ResTime" : 1204.4799999999996,
    "throughput" : 0.5930322123282535,
    "receivedKBytesPerSec" : 0.5293275801445545,
    "sentKBytesPerSec" : 0.9735226063708928
  },
  "Total" : {
    "transaction" : "Total",
    "sampleCount" : 3654,
    "errorCount" : 1044,
    "errorPct" : 28.571428,
    "meanResTime" : 214.5738916256159,
    "medianResTime" : 57.0,
    "minResTime" : 0.0,
    "maxResTime" : 2093.0,
    "pct1ResTime" : 686.0,
    "pct2ResTime" : 986.5,
    "pct3ResTime" : 1419.5499999999965,
    "throughput" : 4.1393372982158025,
    "receivedKBytesPerSec" : 5.627517877371849,
    "sentKBytesPerSec" : 3.406522143160578
  },
  "GET /auth/me" : {
    "transaction" : "GET /auth/me",
    "sampleCount" : 522,
    "errorCount" : 0,
    "errorPct" : 0.0,
    "meanResTime" : 95.07471264367811,
    "medianResTime" : 26.5,
    "minResTime" : 11.0,
    "maxResTime" : 844.0,
    "pct1ResTime" : 250.39999999999998,
    "pct2ResTime" : 390.0,
    "pct3ResTime" : 681.54,
    "throughput" : 0.5926766959977292,
    "receivedKBytesPerSec" : 0.25524455364745957,
    "sentKBytesPerSec" : 0.5342193265682657
  },
  "GET /predictions" : {
    "transaction" : "GET /predictions",
    "sampleCount" : 522,
    "errorCount" : 0,
    "errorPct" : 0.0,
    "meanResTime" : 80.23563218390812,
    "medianResTime" : 25.0,
    "minResTime" : 12.0,
    "maxResTime" : 1093.0,
    "pct1ResTime" : 201.0,
    "pct2ResTime" : 291.84999999999997,
    "pct3ResTime" : 700.3899999999999,
    "throughput" : 0.5930544462609735,
    "receivedKBytesPerSec" : 0.08513574570347959,
    "sentKBytesPerSec" : 0.5751006495479948
  }
}