{
  "POST /symptoms" : {
    "transaction" : "POST /symptoms",
    "sampleCount" : 590,
    "errorCount" : 590,
    "errorPct" : 100.0,
    "meanResTime" : 71573.73050847453,
    "medianResTime" : 61152.0,
    "minResTime" : 0.0,
    "maxResTime" : 242457.0,
    "pct1ResTime" : 180098.4,
    "pct2ResTime" : 209511.45,
    "pct3ResTime" : 215115.02000000095,
    "throughput" : 0.742582980501533,
    "receivedKBytesPerSec" : 0.14017335379422144,
    "sentKBytesPerSec" : 0.4405546591418258
  },
  "POST /predict" : {
    "transaction" : "POST /predict",
    "sampleCount" : 591,
    "errorCount" : 591,
    "errorPct" : 100.0,
    "meanResTime" : 60915.954314720846,
    "medianResTime" : 34494.0,
    "minResTime" : 0.0,
    "maxResTime" : 240359.0,
    "pct1ResTime" : 149354.0,
    "pct2ResTime" : 179593.0,
    "pct3ResTime" : 240267.04,
    "throughput" : 0.7439043271064387,
    "receivedKBytesPerSec" : 0.5535018238085888,
    "sentKBytesPerSec" : 0.19587253267011304
  },
  "GET /symptoms" : {
    "transaction" : "GET /symptoms",
    "sampleCount" : 473,
    "errorCount" : 305,
    "errorPct" : 64.48203,
    "meanResTime" : 80036.96828752641,
    "medianResTime" : 89521.0,
    "minResTime" : 76.0,
    "maxResTime" : 302533.0,
    "pct1ResTime" : 209230.6,
    "pct2ResTime" : 209582.0,
    "pct3ResTime" : 250426.65999999974,
    "throughput" : 0.596824339329336,
    "receivedKBytesPerSec" : 1.1280259971887427,
    "sentKBytesPerSec" : 0.3226608693162891
  },
  "POST /auth/signin" : {
    "transaction" : "POST /auth/signin",
    "sampleCount" : 655,
    "errorCount" : 356,
    "errorPct" : 54.351147,
    "meanResTime" : 112948.97557251916,
    "medianResTime" : 112740.0,
    "minResTime" : 707.0,
    "maxResTime" : 394140.0,
    "pct1ResTime" : 250506.19999999998,
    "pct2ResTime" : 266512.8,
    "pct3ResTime" : 392967.52,
    "throughput" : 0.8240745516971532,
    "receivedKBytesPerSec" : 0.41187755242938434,
    "sentKBytesPerSec" : 0.2156757615769893
  },
  "POST /auth/refresh" : {
    "transaction" : "POST /auth/refresh",
    "sampleCount" : 250,
    "errorCount" : 112,
    "errorPct" : 44.8,
    "meanResTime" : 70614.448,
    "medianResTime" : 3576.0,
    "minResTime" : 0.0,
    "maxResTime" : 215140.0,
    "pct1ResTime" : 183942.6,
    "pct2ResTime" : 213762.0,
    "pct3ResTime" : 215078.39,
    "throughput" : 0.31467638051674895,
    "receivedKBytesPerSec" : 0.19052794397061174,
    "sentKBytesPerSec" : 0.3812537898836579
  },
  "Total" : {
    "transaction" : "Total",
    "sampleCount" : 3702,
    "errorCount" : 2755,
    "errorPct" : 74.419235,
    "meanResTime" : 77364.35629389508,
    "medianResTime" : 61154.0,
    "minResTime" : 0.0,
    "maxResTime" : 450063.0,
    "pct1ResTime" : 182013.6,
    "pct2ResTime" : 213982.99999999997,
    "pct3ResTime" : 300357.44,
    "throughput" : 4.651454993215057,
    "receivedKBytesPerSec" : 2.759315455062321,
    "sentKBytesPerSec" : 2.267162949738026
  },
  "GET /auth/me" : {
    "transaction" : "GET /auth/me",
    "sampleCount" : 733,
    "errorCount" : 540,
    "errorPct" : 73.66985,
    "meanResTime" : 75735.77762619375,
    "medianResTime" : 60747.0,
    "minResTime" : 0.0,
    "maxResTime" : 450063.0,
    "pct1ResTime" : 179664.6,
    "pct2ResTime" : 242042.3,
    "pct3ResTime" : 389355.5,
    "throughput" : 0.9221459708008076,
    "receivedKBytesPerSec" : 0.2535437024695396,
    "sentKBytesPerSec" : 0.4258256500940388
  },
  "GET /predictions" : {
    "transaction" : "GET /predictions",
    "sampleCount" : 410,
    "errorCount" : 261,
    "errorPct" : 63.658535,
    "meanResTime" : 56502.475609756104,
    "medianResTime" : 31560.5,
    "minResTime" : 0.0,
    "maxResTime" : 271252.0,
    "pct1ResTime" : 152342.2,
    "pct2ResTime" : 179681.9,
    "pct3ResTime" : 239959.3,
    "throughput" : 0.5160289932777784,
    "receivedKBytesPerSec" : 0.0889936148491748,
    "sentKBytesPerSec" : 0.28976483237238665
  }
}